Workbook

Sheet Oku
B1: 4. oturum: Excel II, kredi ve karar araçları
B3: Bu dosyayı nasıl kullanırım?
B4: Haftanın vakası: TCMB'ye göre ihtiyaç kredisi faizi yıllık %63 (4 Eylül 2026 haftası; PPK toplantı özeti, 17.09.2026). İlandaki 'aylık %3,89'dan başlayan faiz' bu ortalamanın neresindedir; 100.000 TL için üç teklifin hangisinin maliyeti en düşüktür, hangisinin taksiti bütçeye sığar?
B5: Teklifler, gelir ve bütçe eşiği varsayımsaldır; piyasa verisi değildir. Vergiler (KKDF, BSMV) modele dahil değildir. Kredi tavsiyesi değildir.
B6: Sayfalar: Finans (finans temeli, el kitabı f03), Girdiler (Hesap ve Cikti sayfalarının varsayımları), Hesap (çalışılmış örnekler: FV, PV, kredi ve amortisman, NPV ve IRR, yani net bugünkü değer ve iç verim oranı), Cikti (özet), Karar (TCMB oranının hesabı, Goal Seek, Data Table, IF, AND, OR), Uygulama (derste: G1, G2, G4), Ileri (isteğe bağlı), Ev (notsuz).
B7: Finans sayfası el kitabının f03 bölümüyle birlikte okunur: finans-temeli/f03-paranin-zaman-degeri-ve-kredi.md. Girdileri kendi içindedir.
B8: Hesap ve Cikti'deki bir varsayım yalnız Girdiler sayfasında değiştirilir. Sayfalar arası başvuru: =Girdiler!B5, 'Girdiler sayfasındaki B5 hücresi' demektir; bu hücreler yeşil yazılır.
B9: Goal Seek ve Data Table masaüstü Excel'de çalışır (Data > What-If Analysis). Web için Excel'de yoktur.
B10: Çalışma sırası: el kitabı f03, ders notu, Finans, Hesap, Karar, Uygulama, Ileri, Ev, Colab defteri.
B11: Etiketler: [G] Girdiler, [D] Dönem ve oran, [İ] İşaret, [H] Hesap, [S] Sağlama, [Y] Yorum.
B12: İşaret kuralı: borçludan çıkan para eksi, borçluya giren para artı. Excel'in finans fonksiyonları bu kurala göre çalışır.
B13: Fark hücreleri 0,000000 göstermelidir. Çok küçük bir eksi sayı -0,000000 gibi görünebilir; bu da sıfırdır.
... B25: Ondalık işareti ve formüldeki ayırıcı bilgisayarın bölge ayarından gelir (Türkçe bölge ayarında 0,4 ve ;). Dosya her dilde ve bölge ayarında aynı çalışır.

Sheet Finans
A1: Finans temeli (f03): paranın zaman değeri ve kredinin maliyeti
A2: El kitabı bölümü: finans-temeli/f03-paranin-zaman-degeri-ve-kredi.md. Bu sayfa teorinin 5-25. dakikasındaki Finans temeli bloğunun Excel yazımıdır.
A3: Girdiler (mavi) bu sayfada durur; Girdiler sayfasına bağlı değildir. Oranlar öğretim amaçlı varsayımdır, piyasa verisi değildir.
A5: F1. İskonto: gelecekteki parayı bugüne taşımak
A6: [G] Gelecekteki tutar | B6: 27440
A7: [G] Yıllık oran | B7: 0.4
A8: [G] Süre (yıl) | B8: 3
A9: [D] Dönem | C9: Oran yıllık, süre yıl: birimler uyumlu.
A10: [H] İskonto çarpanı | B10: =1/(1+B7)^B8 | C10: 1 / (1 + oran) ^ dönem: gelecekteki 1 TL'nin bugünkü değeri.
A11: [H] Bugünkü değer | B11: =B6*B10 | C11: Gelecekteki tutar × iskonto çarpanı. Tek formülle: =B6/(1+B7)^B8
A12: [S] Sağlama: PV fonksiyonuyla | B12: =-PV(B7,B8,0,B6) | C12: Formül: =-PV(B7,B8,0,B6). PV tek başına eksi verir (bugün cepten çıkan); başına eksi konur. Hesap!B34 aynı hesabı eksi işaretle gösterir.
A13: [S] Fark | B13: =B11-B12
A14: [Y] Yorum | C14: Para yıllık bu oranla değerlendirilebilirse gelecekteki tutar bugünkü değere denktir. Oran büyüdükçe bugünkü değer küçülür.
A16: F2. Eşit taksitli kredi ve toplam faiz
A17: [G] Kredi tutarı | B17: 100000
A18: [G] Aylık faiz oranı | B18: 0.03
A19: [G] Vade (ay) | B19: 12
A20: [D] Dönem | C20: Oran aylık, taksit aylık, vade ay: birimler uyumlu.
A21: [İ] İşaret | C21: Kredi borçluya gelir (artı), taksit borçludan çıkar (eksi). PMT eksi verir; başına eksi konur.
A22: [H] Aylık taksit | B22: =-PMT(B18,B19,B17) | C22: Formül: =-PMT(B18,B19,B17)
A23: [H] Toplam ödeme | B23: =B22*B19 | C23: Taksit × vade
A24: [H] Toplam faiz | B24: =B23-B17 | C24: Toplam ödeme - kredi tutarı. Kredinin borçluya maliyeti budur; toplam ödemenin geri kalanı borcun iadesidir.
A25: [H] 1. ay faizi | B25: =B17*B18 | C25: İlk ay faiz bütün borç üzerinden işler.
A26: [H] 1. ay anapara | B26: =B22-B25 | C26: Taksit - faiz. Borç azaldıkça faiz payı azalır, anapara payı artar (Hesap sayfasındaki amortisman tablosu).
A27: [S] Sağlama: kapalı formülle taksit - B22 | B27: =B17*B18/(1-(1+B18)^(-B19))-B22 | C27: Kapalı formül: taksit = kredi * oran / (1 - (1 + oran) ^ (-vade)); bu hücrede =B17*B18/(1-(1+B18)^(-B19))-B22 (el kitabı f03, 2.3; İleri 1). 0 çıkmalı: iki yol aynı taksiti verir.
A28: [Y] Sık hata: kredi × oran × vade | B28: =B17*B18*B19 | C28: Yanlış tahmin: faizin bütün vade boyunca ilk borç üzerinden işlediğini varsayar.
A29: [Y] Sık hata - gerçek toplam faiz | B29: =B28-B24 | C29: Fark büyük, çünkü faiz her ay azalan kalan borca işler.
A30: F3. Aylık oranın yıllık karşılığı: nominal ve etkin
A31: [G] Aylık oran | B31: 0.03
A32: [G] Yıldaki ay sayısı | B32: 12
A33: [H] Yıllık nominal oran | B33: =B31*B32 | C33: Aylık oran × yıldaki ay sayısı. Faizin faize işlemesini hesaba katmaz.
A34: [H] Yıllık etkin oran | B34: =(1+B31)^B32-1 | C34: (1 + aylık oran) ^ ay sayısı - 1: para bir yılda gerçekte bu kadar büyür (H2'deki bileşik faiz).
A35: [S] Sağlama: EFFECT | B35: =EFFECT(B33,B32) | C35: Formül: =EFFECT(B33,B32)
A36: [S] Fark | B36: =B34-B35
A37: [Y] Yorum | C37: Bir oran görüldüğünde sorulacaklar: aylık mı yıllık mı, nominal mi etkin mi? Efektif yıllık faiz oranı (EYFO) başka bir sayıdır: vergi ve ücretleri de içerir (F4).
A39: F4. Kredinin maliyetine neler girer? (yalnız okuma)
A40: Akdi faiz: sözleşmede yazan faiz oranı. F2'deki aylık oran budur.
A41: KKDF (Kaynak Kullanımını Destekleme Fonu) kesintisi: tüketici kredisinde %15, faiz tutarı üzerinden alınır.
A42: BSMV (Banka ve Sigorta Muameleleri Vergisi): tüketici kredisinde %15, bankanın lehine aldığı paralar üzerinden alınır; bunların başlıcası faizdir. Anapara üzerinden ikisi de alınmaz.
A43: Tahsis ücreti: tüketici kredisinde kullandırılan anaparanın binde beşini geçemez (100.000 TL'de en çok 500 TL).
A44: EYFO: faiz, vergi ve ücretler dahil kredinin toplam maliyetinin yıllık yüzde değeri; noter masrafları hariç. Banka sözleşmeden önce bilgi formunda vermek zorundadır.
A45: Kaynaklar ve okunduğu tarih (29 Eylül 2026): el kitabı f03, 4. ve 7. bölüm. Oranlar yeni bir kararla değişebilir; kullanmadan önce kaynağına bakılır.
A47: Pratik: öğrencinin yazacağı formüller (P1-P3)
A48: Sarı hücreler doldurulur. Girdiler mavi hücrelerdedir; formül hücre başvurusuyla yazılır, içine sayı yazılmaz. F1-F3 örnektir.
A49: P1. İskonto: gelecekteki tutarın bugünkü değeri kaç TL?
A50: [G] Gelecekteki tutar | B50: 75000
A51: [G] Yıllık oran | B51: 0.38
A52: [G] Süre (yıl) | B52: 2
A53: [H] Bugünkü değer
A55: P2. Taksit ve toplam faiz
A56: [G] Kredi tutarı | B56: 80000
A57: [G] Aylık faiz oranı | B57: 0.026
A58: [G] Vade (ay) | B58: 18
A59: [H] Aylık taksit
A60: [H] Toplam faiz
A62: P3. Aylık oranın yıllık karşılığı
A63: [G] Aylık oran | B63: 0.0275
A64: [G] Yıldaki ay sayısı | B64: 12
A65: [H] Yıllık nominal oran
A66: [H] Yıllık etkin oran
A68: Finans alıştırması (ileri/ev): tahsis ücretli kredinin maliyeti, IRR ile
A69: IRR (iç verim oranı) Hesap sayfasında görüldükten sonra yapılır. İleri 2 aynı krediyi RATE ile çözer; iki yol aynı aylık maliyeti vermeli.
A70: Soru: Banka krediyi akdi aylık faiz ve vadeyle verir, ama kredi verilirken peşin tahsis ücreti keser. Vergiler dışarıda bırakılır. Aylık ve yıllık maliyet ne olur?
A71: [G] Kredi tutarı | B71: 100000
A72: [G] Akdi aylık faiz | B72: 0.03
A73: [G] Vade (ay) | B73: 12
A74: [G] Tahsis ücreti (peşin kesilen) | B74: 500
A75: [G] Yıldaki ay sayısı | B75: 12
A76: [H] Aylık taksit
A77: [H] Ele geçen tutar
A78: [İ] İşaret | C78: Bugün ele geçen para artı, her ay ödenen taksit eksi. IRR'a ikisi de işaretiyle verilir.
A79: Ay | B79: Nakit akışı
A80: 0 | C80: Ay 0 = bugün: ele geçen tutar (artı). Gri 0 yapısaldır.
A81: =A80+1 | C81: Ay 1-12: her ay ödenen taksit (eksi).
A82: =A81+1
A83: =A82+1
A84: =A83+1
A85: =A84+1
A86: =A85+1
A87: =A86+1
A88: =A87+1
A89: =A88+1
A90: =A89+1
A91: =A90+1
A92: =A91+1
A93: [H] Aylık maliyet (IRR) | C93: Formül: =IRR(B80:B92)
A94: [S] İleri 2'deki RATE sonucuyla fark | C94: İleri!B21: aynı kredinin RATE ile bulunan aylık maliyeti. İki sayfadaki girdiler aynıyken 0 çıkmalı.
A95: [H] Vergiler hariç yıllık maliyet
A96: [H] Ücretsiz durumda yıllık oran
A97: [G] Oran farkını puana çevirme sayısı | B97: 100 | C97: Birim çevirme, modelin varsayımı değil. H2'nin Finans sayfasındaki yüzde puan kalıbı.
A98: [Y] Ücretin yıllık maliyete eklediği (yüzde puan) | C98: İki oranın farkı yüzde biçimiyle gösterilirse Excel sayının yanına % koyar; oysa bu bir puan farkıdır. Çevirme sayısıyla çarpınca sonuç puan olarak okunur.
A99: [Y] Yorum | C99: Ücret akdi faizi değiştirmez, ama yıllık maliyeti artırır. Gerçek EYFO vergileri de içerdiği için bundan yüksektir (el kitabı f03, 2.6 ve 2.9). Ücrete vergi uygulanıp uygulanmadığı doğrulanmadı.

Sheet Girdiler
A1: Girdiler: Hesap ve Cikti sayfalarının bütün varsayımları bu sayfada
A2: Mavi hücreler değiştirilebilir. Hesap ve Cikti sayfaları kendiliğinden güncellenir. Bu sayfada formül yok.
A4: Örnek 1: düzenli birikim
A5: Aylık faiz oranı | B5: 0.03 | C5: Her ay bakiyeye işleyen faiz. %3 ile 0,03 aynı sayıdır.
A6: Dönem sayısı (ay) | B6: 12 | C6: Kaç ay para yatırılacağı.
A7: Her ay yatırılan tutar | B7: 1000 | C7: Her ayın sonunda yatırılır. Burada artı yazılır; işaret Hesap sayfasında verilir.
A9: Örnek 1b: tersine hesap (H2'deki bileşik faiz)
A10: Hedef tutar (süre sonunda) | B10: 27440 | C10: H2'de bulunan sonuç. Soru: bunun için bugün ne yatırılmalı?
A11: Yıllık faiz oranı | B11: 0.4
A12: Süre (yıl) | B12: 3
A14: Örnek 2: kredi
A15: Kredi tutarı | B15: 100000 | C15: Bankadan bugün alınan para.
A16: Aylık faiz oranı | B16: 0.03 | C16: Öğretim amaçlı varsayım; bir bankanın gerçek teklifi değildir.
A17: Vade (ay) | B17: 12
A19: Örnek 3: proje (NPV ve IRR)
A20: İstenen getiri (yıllık iskonto oranı) | B20: 0.1 | C20: Bu projeye para bağlamak için istenen en düşük yıllık getiri.
A21: Ne zaman? | B21: Nakit akışı
A22: Dönem 0 (bugün): yatırım | B22: -10000 | C22: Cepten çıkan: eksi.
A23: Dönem 1 sonu: giriş | B23: 3000 | C23: Cebe giren: artı.
A24: Dönem 2 sonu: giriş | B24: 4200
A25: Dönem 3 sonu: giriş | B25: 6800
A27: Öğretim için seçilmiş örnek değerler; gerçek bir proje ya da banka teklifi değildir. Bir dönem burada bir yıldır.

Sheet Hesap
A1: Hesap: çalışılmış örnekler
A2: Yeşil hücreler değeri Girdiler sayfasından çeker. Siyah hücreler bu sayfanın hesaplarıdır. Formül, hücreye tıklanınca formül çubuğunda görünür.
A4: Örnek 1: düzenli birikim (FV)
A5: [G] Aylık faiz oranı | B5: =Girdiler!B5 | C5: Bu hücrede =Girdiler!B5 yazar: 'Girdiler sayfasının B5 hücresini getir' demektir. Yeşil yazı bunu gösterir.
A6: [G] Dönem sayısı (ay) | B6: =Girdiler!B6
A7: [G] Her ay yatırılan tutar | B7: =Girdiler!B7
A8: [D] Oran ve dönem aynı birimde mi? | C8: Evet: aylık oran, aylık dönem, aylık katkı. Biri yıllık olsaydı önce aynı birime çevrilirdi.
A9: [İ] İşaret | C9: Yatırılan para cepten çıkar: formülde -B7 yazılır. Sonuç artı çıkar: süre sonunda geri dönen para.
A10: [H] Dönem sonunda birikim | B10: =FV(B5,B6,-B7) | C10: Formül: =FV(B5,B6,-B7)
A11: [İ] Deneme: katkı artı verilirse | B11: =FV(B5,B6,B7) | C11: Formül: =FV(B5,B6,B7). Aynı sayı, eksi işaretle: Excel sonucu ödenecek para olarak okur.
A12: FV'nin içini görmek için aynı hesabı ay ay yapan tablo. H6'da aynı hesap Python döngüsüyle yazılır.
A13: Ay | B13: Dönem başı bakiye | C13: Faiz | D13: Katkı | E13: Dönem sonu bakiye
A14: 0 | E14: 0 | F14: Ay 0 = bugün. Gri 0'lar yapısaldır: hesap boş başlar (FV'de 4. argümanın boş bırakılması da bunu söyler).
A15: =A14+1 | B15: =E14 | C15: =B15*$B$5 | D15: =$B$7 | E15: =B15+C15+D15 | F15: Faiz: =B15*$B$5 Katkı: =$B$7 Dönem sonu: =B15+C15+D15
A16: =A15+1 | B16: =E15 | C16: =B16*$B$5 | D16: =$B$7 | E16: =B16+C16+D16
A17: =A16+1 | B17: =E16 | C17: =B17*$B$5 | D17: =$B$7 | E17: =B17+C17+D17
A18: =A17+1 | B18: =E17 | C18: =B18*$B$5 | D18: =$B$7 | E18: =B18+C18+D18
A19: =A18+1 | B19: =E18 | C19: =B19*$B$5 | D19: =$B$7 | E19: =B19+C19+D19
A20: =A19+1 | B20: =E19 | C20: =B20*$B$5 | D20: =$B$7 | E20: =B20+C20+D20
A21: =A20+1 | B21: =E20 | C21: =B21*$B$5 | D21: =$B$7 | E21: =B21+C21+D21
A22: =A21+1 | B22: =E21 | C22: =B22*$B$5 | D22: =$B$7 | E22: =B22+C22+D22
A23: =A22+1 | B23: =E22 | C23: =B23*$B$5 | D23: =$B$7 | E23: =B23+C23+D23
A24: =A23+1 | B24: =E23 | C24: =B24*$B$5 | D24: =$B$7 | E24: =B24+C24+D24
A25: =A24+1 | B25: =E24 | C25: =B25*$B$5 | D25: =$B$7 | E25: =B25+C25+D25
A26: =A25+1 | B26: =E25 | C26: =B26*$B$5 | D26: =$B$7 | E26: =B26+C26+D26
A28: [S] Sağlama: tablonun son bakiyesi - FV | B28: =E26-B10 | C28: 0 çıkmalı: iki farklı yol aynı sonucu verir.
A30: Örnek 1b: tersine hesap (PV)
A31: [G] Hedef tutar (süre sonunda) | B31: =Girdiler!B10
A32: [G] Yıllık faiz oranı | B32: =Girdiler!B11 | C32: [D] Oran yıllık, süre yıl: birimler uyumlu.
A33: [G] Süre (yıl) | B33: =Girdiler!B12
A34: [H] Bugün yatırılması gereken | B34: =PV(B32,B33,0,B31) | C34: Formül: =PV(B32,B33,0,B31). 0: arada düzenli ödeme yok. [İ] Sonuç eksi: bugün cepten çıkan para.
A35: [S] Sağlama: H2 formülüyle ileri taşı | B35: =-B34*(1+B32)^B33 | C35: H2'deki =B1*(1+B2)^B3 kalıbı. Baştaki eksi, eksi tutarı artıya çevirir.
A36: [S] Fark | B36: =B35-B31
A38: Örnek 2: kredi taksiti ve amortisman tablosu
A39: [G] Kredi tutarı | B39: =Girdiler!B15
A40: [G] Aylık faiz oranı | B40: =Girdiler!B16
A41: [G] Vade (ay) | B41: =Girdiler!B17 | C41: [D] Oran aylık, vade ay: birimler uyumlu.
A42: [İ] İşaret | C42: Kredi borçluya gelen para (artı). PMT taksiti eksi verir; başına eksi konarak taksit artı gösterilir.
A43: [H] Aylık taksit | B43: =-PMT(B40,B41,B39) | C43: Formül: =-PMT(B40,B41,B39)
A45: Amortisman tablosu: her taksitin ne kadarı faize, ne kadarı borca gider? $ işaretli başvurular sürüklerken sabit kalır.
A46: Dönem | B46: Başlangıç borcu | C46: Faiz | D46: Anapara | E46: Taksit | F46: Kalan borç | G46: Sağlama: IPMT | H46: Sağlama: PPMT | I46: Fark (faiz) | J46: Fark (anapara)
A47: 0 | F47: =B39 | G47: Dönem 0 = bugün: kredi alınır, borç kredi tutarı kadardır.
A48: =A47+1 | B48: =F47 | C48: =B48*$B$40 | D48: =E48-C48 | E48: =$B$43 | F48: =B48-D48 | G48: =-IPMT($B$40,A48,$B$41,$B$39) | H48: =-PPMT($B$40,A48,$B$41,$B$39) | I48: =C48-G48 | J48: =D48-H48
A49: =A48+1 | B49: =F48 | C49: =B49*$B$40 | D49: =E49-C49 | E49: =$B$43 | F49: =B49-D49 | G49: =-IPMT($B$40,A49,$B$41,$B$39) | H49: =-PPMT($B$40,A49,$B$41,$B$39) | I49: =C49-G49 | J49: =D49-H49
A50: =A49+1 | B50: =F49 | C50: =B50*$B$40 | D50: =E50-C50 | E50: =$B$43 | F50: =B50-D50 | G50: =-IPMT($B$40,A50,$B$41,$B$39) | H50: =-PPMT($B$40,A50,$B$41,$B$39) | I50: =C50-G50 | J50: =D50-H50
A51: =A50+1 | B51: =F50 | C51: =B51*$B$40 | D51: =E51-C51 | E51: =$B$43 | F51: =B51-D51 | G51: =-IPMT($B$40,A51,$B$41,$B$39) | H51: =-PPMT($B$40,A51,$B$41,$B$39) | I51: =C51-G51 | J51: =D51-H51
A52: =A51+1 | B52: =F51 | C52: =B52*$B$40 | D52: =E52-C52 | E52: =$B$43 | F52: =B52-D52 | G52: =-IPMT($B$40,A52,$B$41,$B$39) | H52: =-PPMT($B$40,A52,$B$41,$B$39) | I52: =C52-G52 | J52: =D52-H52
A53: =A52+1 | B53: =F52 | C53: =B53*$B$40 | D53: =E53-C53 | E53: =$B$43 | F53: =B53-D53 | G53: =-IPMT($B$40,A53,$B$41,$B$39) | H53: =-PPMT($B$40,A53,$B$41,$B$39) | I53: =C53-G53 | J53: =D53-H53
A54: =A53+1 | B54: =F53 | C54: =B54*$B$40 | D54: =E54-C54 | E54: =$B$43 | F54: =B54-D54 | G54: =-IPMT($B$40,A54,$B$41,$B$39) | H54: =-PPMT($B$40,A54,$B$41,$B$39) | I54: =C54-G54 | J54: =D54-H54
A55: =A54+1 | B55: =F54 | C55: =B55*$B$40 | D55: =E55-C55 | E55: =$B$43 | F55: =B55-D55 | G55: =-IPMT($B$40,A55,$B$41,$B$39) | H55: =-PPMT($B$40,A55,$B$41,$B$39) | I55: =C55-G55 | J55: =D55-H55
A56: =A55+1 | B56: =F55 | C56: =B56*$B$40 | D56: =E56-C56 | E56: =$B$43 | F56: =B56-D56 | G56: =-IPMT($B$40,A56,$B$41,$B$39) | H56: =-PPMT($B$40,A56,$B$41,$B$39) | I56: =C56-G56 | J56: =D56-H56
A57: =A56+1 | B57: =F56 | C57: =B57*$B$40 | D57: =E57-C57 | E57: =$B$43 | F57: =B57-D57 | G57: =-IPMT($B$40,A57,$B$41,$B$39) | H57: =-PPMT($B$40,A57,$B$41,$B$39) | I57: =C57-G57 | J57: =D57-H57
A58: =A57+1 | B58: =F57 | C58: =B58*$B$40 | D58: =E58-C58 | E58: =$B$43 | F58: =B58-D58 | G58: =-IPMT($B$40,A58,$B$41,$B$39) | H58: =-PPMT($B$40,A58,$B$41,$B$39) | I58: =C58-G58 | J58: =D58-H58
A59: =A58+1 | B59: =F58 | C59: =B59*$B$40 | D59: =E59-C59 | E59: =$B$43 | F59: =B59-D59 | G59: =-IPMT($B$40,A59,$B$41,$B$39) | H59: =-PPMT($B$40,A59,$B$41,$B$39) | I59: =C59-G59 | J59: =D59-H59
A60: Toplam | C60: =SUM(C48:C59) | D60: =SUM(D48:D59) | E60: =SUM(E48:E59) | F60: C60 toplam faiz, D60 toplam anapara (kredi tutarına eşit olmalı), E60 toplam ödeme.
A62: [S] Son dönemde kalan borç | B62: =F59 | C62: 0 olmalı. 0 değilse tabloda bir formül hatası var.
A63: [S] Toplam anapara - kredi tutarı | B63: =D60-B39
A64: [H] Toplam ödeme | B64: =B43*B41 | C64: Taksit × vade
A65: [H] Toplam faiz | B65: =B64-B39 | C65: Toplam ödeme - kredi tutarı
A66: [S] Toplam faiz: tablo - hesap | B66: =C60-B65
A68: Örnek 3: proje değerlendirme (NPV ve IRR)
A69: [G] İstenen getiri (iskonto oranı) | B69: =Girdiler!B20 | C69: [D] Oran yıllık, bir dönem bir yıl: birimler uyumlu.
A70: Bugünkü değer = nakit akışı / (1 + oran) ^ dönem. Dönem 0 bugündür, iskonto edilmez.
A71: Dönem | B71: Nakit akışı | C71: Bugünkü değeri | D71: NPV(tüm akışlar) nasıl sayar
A72: 0 | B72: =Girdiler!B22 | C72: =B72/(1+$B$69)^A72 | D72: =B72/(1+$B$69)^(A72+1) | E72: C: doğru zamanlama. D: her akışı bir dönem fazla iskonto eder (yatırım dahil).
A73: =A72+1 | B73: =Girdiler!B23 | C73: =B73/(1+$B$69)^A73 | D73: =B73/(1+$B$69)^(A73+1)
A74: =A73+1 | B74: =Girdiler!B24 | C74: =B74/(1+$B$69)^A74 | D74: =B74/(1+$B$69)^(A74+1)
A75: =A74+1 | B75: =Girdiler!B25 | C75: =B75/(1+$B$69)^A75 | D75: =B75/(1+$B$69)^(A75+1)
A76: Toplam | C76: =SUM(C72:C75) | D76: =SUM(D72:D75)
A77: [İ] İşaret | C77: Bugünkü yatırım eksi (cepten çıkan), gelecekteki girişler artı.
A78: [H] NPV, doğru kurulum | B78: =NPV(B69,B73:B75)+B72 | C78: Formül: =NPV(B69,B73:B75)+B72. Bugünkü yatırım NPV'nin dışında kalır, sonra eklenir.
A79: [H] NPV, TUZAK kurulum (yanlış) | B79: =NPV(B69,B72:B75) | C79: Formül: =NPV(B69,B72:B75). Bugünkü yatırımı da bir dönem sonra sayar. Ayrıntı hücre notundadır.
A80: [S] Doğru NPV - elle toplam (C76) | B80: =B78-C76
A81: [S] Tuzak NPV - kaydırılmış toplam (D76) | B81: =B79-D76
A82: [S] Doğru NPV / tuzak NPV | B82: =B78/B79
A83: [S] 1 + oran | B83: =1+B69 | C83: B82 ile aynı: tuzak her şeyi bir dönem fazla iskonto eder.
A85: [H] İç verim oranı (IRR) | B85: =IRR(B72:B75) | C85: Formül: =IRR(B72:B75). Yatırım dahil bütün akışlar verilir; zamanlama tuzağı yok.
A86: [S] IRR ile NPV sıfır mı? | B86: =NPV(B85,B73:B75)+B72 | C86: IRR, NPV'yi sıfır yapan orandır.
A88: [Y] Karar (NPV kuralı) | B88: =IF(B78>0,"Kabul","Ret") | C88: Formül: =IF(B78>0,"Kabul","Ret"). NPV > 0 ise kabul. IF fonksiyonu Karar sayfasında (K3) ayrıntılı işlenir.
A89: [Y] Karar (IRR kuralı) | B89: =IF(B85>B69,"Kabul","Ret") | C89: Formül: =IF(B85>B69,"Kabul","Ret"). IRR > istenen getiri ise kabul. İki kural aynı kararı verir.

Sheet Cikti
A1: Çıktı: karar için özet
A2: Bu sayfada hesap yok. Bütün hücreler Hesap sayfasına bağlı (yeşil). Girdiler'de bir sayı değişince burası da değişir.
A4: Kredi (Örnek 2)
A5: Kredi tutarı | B5: =Hesap!B39
A6: Aylık taksit | B6: =Hesap!B43 | C6: Formül: =Hesap!B43
A7: Toplam ödeme | B7: =Hesap!B64
A8: Toplam faiz | B8: =Hesap!B65
A10: Birikim (Örnek 1)
A11: Dönem sonunda birikim | B11: =Hesap!B10
A12: Hedef tutar için bugün yatırılacak | B12: =-Hesap!B34 | C12: Formül: =-Hesap!B34. Hesap'taki sonuç eksi (cepten çıkan); özette tutar olarak artı gösterilir.
A14: Proje (Örnek 3)
A15: İstenen getiri | B15: =Hesap!B69
A16: Net bugünkü değer (NPV) | B16: =Hesap!B78
A17: İç verim oranı (IRR) | B17: =Hesap!B85
A18: Karar | B18: =Hesap!B88 | C18: NPV kuralına göre karar (NPV > 0 ise Kabul). IRR kuralının kararı Hesap!B89'da.

Sheet Karar
A1: Karar araçları: TCMB'nin kredi faizi, Goal Seek, Data Table, IF, AND, OR
A2: Çalışılmış örnekler. Goal Seek ve Data Table masaüstü Excel'de çalışır; Web için Excel'de yoktur.
A5: K1 TCMB'nin %63'ü nasıl hesaplanır? Metaverideki örnek
A6: [G] Kredi tutarı (TL) | B6: 10000
A7: [G] Aylık ödeme (TL) | B7: 480
A8: [G] Vade (ay) | B8: 24
A9: [G] TCMB ihtiyaç kredisi faizi (4 Eylül 2026 haftası) | B9: 0.63
A10: [G] Yılda ay sayısı | B10: 12
A11: Birim çevirme: yüzde puan = oran × 100 | B11: 100
A13: Ay | B13: Ödeme tarihi | C13: Nakit akışı (TL)
A14: 0 | B14: 40909 | C14: =B6 | D14: Ay 0: kredi borçluya gelir (artı). Ay 1-24: ödeme borçludan çıkar (eksi).
A15: =A14+1 | B15: 40940 | C15: =-$B$7
A16: =A15+1 | B16: 40969 | C16: =-$B$7
A17: =A16+1 | B17: 41000 | C17: =-$B$7
A18: =A17+1 | B18: 41030 | C18: =-$B$7
A19: =A18+1 | B19: 41061 | C19: =-$B$7
A20: =A19+1 | B20: 41091 | C20: =-$B$7
A21: =A20+1 | B21: 41122 | C21: =-$B$7
A22: =A21+1 | B22: 41153 | C22: =-$B$7
A23: =A22+1 | B23: 41183 | C23: =-$B$7
A24: =A23+1 | B24: 41214 | C24: =-$B$7
A25: =A24+1 | B25: 41244 | C25: =-$B$7
A26: =A25+1 | B26: 41275 | C26: =-$B$7
... A38: =A37+1 | B38: 41640 | C38: =-$B$7
A40: [H] Aylık iç verim oranı | B40: =IRR(C14:C38) | C40: Formül: =IRR(C14:C38)
A41: [H] Yıllık bileşik karşılığı | B41: =(1+B40)^B10-1 | C41: (1 + aylık)^12 - 1. Metaverideki sonuç: %14,90.
A42: [H] Tarihli akışla yıllık oran | B42: =XIRR(C14:C38,B14:B38) | C42: Formül: =XIRR(C14:C38,B14:B38). Gün sayısı / 365 ile iskonto eder; TCMB'nin formülüyle aynı.
A43: [H] İki yolun farkı (yüzde puan) | B43: =(B41-B42)*B11 | C43: Aylar eşit uzunlukta değildir (28-31 gün); fark bu yüzdendir ve küçüktür.
A44: [H] %63'ün aylık bileşik karşılığı | B44: =(1+B9)^(1/B10)-1
A45: [H] Yanlış okuma: %63 / 12 | B45: =B9/B10 | C45: Yıllık bileşik oran 12'ye bölünmez; bölme yalnız yıllık nominal orandan aylık orana geçişte kullanılır.
A47: K2 İlan kredisi: taksit, yıllık karşılık ve Goal Seek
A48: [G] Kredi tutarı (TL) | B48: 100000
A49: [G] Aylık akdi faiz oranı | B49: 0.04
A50: [G] Vade (ay) | B50: 12
A51: [G] Aylık net gelir (TL) | B51: 24000
A52: [G] Bütçe eşiği: taksit / gelir en çok | B52: 0.4
A53: [G] Ödenebilecek en yüksek taksit (TL) | B53: 7500
A54: [G] Vade üst sınırı (ay) | B54: 24
A56: [H] Aylık taksit | B56: =-PMT(B49,B50,B48) | C56: Formül: =-PMT(B49,B50,B48)
A57: [H] Toplam faiz | B57: =B56*B50-B48
A58: [H] Yıllık bileşik karşılığı | B58: =(1+B49)^B10-1 | C58: TCMB'nin %63'ü ile aynı türden oran (ücret ve vergiler hariç).
A59: [H] Taksit / gelir | B59: =B56/B51
A61: [G] Goal Seek için kredi tutarı (By changing cell) | B61: 100000
A62: [H] Goal Seek için taksit (Set cell) | B62: =-PMT(B49,B50,B61) | C62: Data > What-If Analysis > Goal Seek. Set cell: B62. To value: 7500. By changing cell: B61.
C63: Goal Seek tek bir girdiyi değiştirir. Birden çok girdi ve kısıt için Solver kullanılır (12. oturum).
A64: [S] Aynı soru PV ile | B64: =PV(B49,B50,-B53) | C64: Formül: =PV(B49,B50,-B53). Goal Seek sonucu (B61) bu değere eşit çıkar.
A66: K3 IF, AND, OR: bütçe kuralı
A67: [H] IF: taksit / gelir eşiğin altında mı? | B67: =IF(B59<=B52,"Uygun","Riskli") | C67: Formül: =IF(B59<=B52,"Uygun","Riskli")
A68: [H] AND: bütçe uygun ve yıllık oran TCMB ortalamasının altında mı? | B68: =IF(AND(B59<=B52,B58<=B9),"İki koşul sağlanıyor","En az bir koşul sağlanmıyor") | C68: Formül: =IF(AND(B59<=B52,B58<=B9),...). AND, bütün koşullar doğruysa TRUE verir.
A69: [H] OR: bütçe ya da vade sınırı aşılır mı? | B69: =IF(OR(B59>B52,B50>B54),"Dikkat","Tamam") | C69: Formül: =IF(OR(B59>B52,B50>B54),...). OR, koşullardan en az biri doğruysa TRUE verir.
A71: K4 Tek değişkenli Data Table: aylık oran → taksit
A72: A76:B81 seçilir (oranlar ve üstteki model hücresi dahil). Data > What-If Analysis > Data Table. Column input cell: B49. B77:B81 derste doldurulur.
A73: B76 modeldeki taksite bağlıdır (=B56). Data Table B49'a sırayla A77:A81'deki oranları koyar ve B56'yı yeniden hesaplar.
A75: Aylık oran | B75: Data Table | C75: Sağlama: formülle
B76: =B56
A77: 0.035 | C77: =-PMT(A77,$B$50,$B$48)
A78: 0.0375 | C78: =-PMT(A78,$B$50,$B$48)
A79: 0.04 | C79: =-PMT(A79,$B$50,$B$48)
A80: 0.0425 | C80: =-PMT(A80,$B$50,$B$48)
A81: 0.045 | C81: =-PMT(A81,$B$50,$B$48)
A83: K5 İki değişkenli Data Table: aylık oran × vade → taksit
A84: A87:F92 seçilir. Data > What-If Analysis > Data Table. Row input cell: B50 (vade), Column input cell: B49 (oran). B88:F92 derste doldurulur.
A85: Sol üst köşe (A87) modeldeki taksite bağlıdır. Data Table en çok iki girdiyle çalışır.
A87: =B56 | B87: 6 | C87: 12 | D87: 18 | E87: 24 | F87: 36
A88: 0.035
A89: 0.0375
A90: 0.04
A91: 0.0425
A92: 0.045
A94: Sağlama: karma başvurulu formül | B94: =B87 | C94: =C87 | D94: =D87 | E94: =E87 | F94: =F87
A95: =A88 | B95: =-PMT($A95,B$94,$B$48) | C95: =-PMT($A95,C$94,$B$48) | D95: =-PMT($A95,D$94,$B$48) | E95: =-PMT($A95,E$94,$B$48) | F95: =-PMT($A95,F$94,$B$48) | G95: $A95: sütun sabit, satır kayar (oran). B$94: satır sabit, sütun kayar (vade). Bir formül bütün ızgaraya sürüklenir.
A96: =A89 | B96: =-PMT($A96,B$94,$B$48) | C96: =-PMT($A96,C$94,$B$48) | D96: =-PMT($A96,D$94,$B$48) | E96: =-PMT($A96,E$94,$B$48) | F96: =-PMT($A96,F$94,$B$48)
A97: =A90 | B97: =-PMT($A97,B$94,$B$48) | C97: =-PMT($A97,C$94,$B$48) | D97: =-PMT($A97,D$94,$B$48) | E97: =-PMT($A97,E$94,$B$48) | F97: =-PMT($A97,F$94,$B$48)
A98: =A91 | B98: =-PMT($A98,B$94,$B$48) | C98: =-PMT($A98,C$94,$B$48) | D98: =-PMT($A98,D$94,$B$48) | E98: =-PMT($A98,E$94,$B$48) | F98: =-PMT($A98,F$94,$B$48)
A99: =A92 | B99: =-PMT($A99,B$94,$B$48) | C99: =-PMT($A99,C$94,$B$48) | D99: =-PMT($A99,D$94,$B$48) | E99: =-PMT($A99,E$94,$B$48) | F99: =-PMT($A99,F$94,$B$48)

Sheet Uygulama
A1: Uygulama (derste, 50 dakika): üç kredi teklifi
A2: Sarı hücreler öğrenci tarafından doldurulur. Formüle sayı yazılmaz; her sayı mavi bir girdi hücresindedir. Teklifler varsayımsaldır; vergiler (KKDF, BSMV) modele dahil değildir.
A3: Süre: G1 12 dk, G2 12 dk, G4 Excel kısmı (bu sayfa); G3 12 dk ve G4'ün Python kısmı Colab defterinde. Kredi tavsiyesi değildir.
A5: G1 (12 dk): üç teklifin taksiti, toplam faizi ve amortisman tablosu
A6: [G] Kredi tutarı (TL) | B6: 100000
A7: [G] Aylık net gelir (TL) | B7: 24000
A8: [G] Bütçe eşiği: taksit / gelir en çok | B8: 0.4
A9: [G] TCMB ihtiyaç kredisi faizi (4 Eylül 2026 haftası) | B9: 0.63
A10: [G] Yılda ay sayısı | B10: 12
A11: Birim çevirme: yüzde puan = oran × 100 | B11: 100
A12: Teklif | B12: Aylık akdi oran | C12: Vade (ay) | D12: Tahsis ücreti (TL) | E12: Aylık taksit | F12: Toplam ödeme | G12: Toplam faiz | H12: Taksit / gelir
A13: A | B13: 0.0399 | C13: 12 | D13: 500
A14: B | B14: 0.0405 | C14: 12 | D14: 0
A15: C | B15: 0.0389 | C15: 24 | D15: 500
A16: Tahmin sorusu (hesaptan önce): akdi oranı en düşük teklif, en düşük toplam faizi ve en düşük maliyeti de verir mi?
A18: G1 (devam): üç amortisman tablosu
A19: Önce Teklif A bloğu kurulur. Blok (A21:E47) kopyalanıp G21 ve M21'e yapıştırılır; karma başvurular (B$21, D$21) her bloğun kendi oranını ve taksitini bulur. A ve B'de 12, C'de 24 satır doldurulur.
A20: Teklif A | G20: Teklif B | M20: Teklif C
A21: Oran | C21: Taksit | G21: Oran | I21: Taksit | M21: Oran | O21: Taksit
A22: Ay | B22: Başlangıç borcu | C22: Faiz | D22: Anapara | E22: Kalan borç | G22: Ay | H22: Başlangıç borcu | I22: Faiz | J22: Anapara | K22: Kalan borç | M22: Ay | N22: Başlangıç borcu | O22: Faiz | P22: Anapara | Q22: Kalan borç
A23: 0 | E23: =$B$6 | G23: 0 | K23: =$B$6 | M23: 0 | Q23: =$B$6
A24: =A23+1 | G24: =G23+1 | M24: =M23+1
A25: =A24+1 | G25: =G24+1 | M25: =M24+1
A26: =A25+1 | G26: =G25+1 | M26: =M25+1
A27: =A26+1 | G27: =G26+1 | M27: =M26+1
A28: =A27+1 | G28: =G27+1 | M28: =M27+1
A29: =A28+1 | G29: =G28+1 | M29: =M28+1
A30: =A29+1 | G30: =G29+1 | M30: =M29+1
A31: =A30+1 | G31: =G30+1 | M31: =M30+1
A32: =A31+1 | G32: =G31+1 | M32: =M31+1
A33: =A32+1 | G33: =G32+1 | M33: =M32+1
A34: =A33+1 | G34: =G33+1 | M34: =M33+1
A35: =A34+1 | G35: =G34+1 | M35: =M34+1
... A47: =A46+1 | G47: =G46+1 | M47: =M46+1
A48: Toplam | G48: Toplam | M48: Toplam
A49: [S] Kalan | G49: [S] Kalan | M49: [S] Kalan
A50: [S] Faiz farkı | G50: [S] Faiz farkı | M50: [S] Faiz farkı
A53: G2 (12 dk): maliyet, sıralama ve bütçe kuralı
A54: Ay 0: ele geçen tutar (kredi - tahsis ücreti), artı. Ay 1..vade: taksit, eksi. Aylık maliyet bu akışın iç verim oranıdır; TCMB'nin oranı da aynı yolla hesaplanır (Karar sayfası, K1).
A55: Ay | B55: Teklif A akışı | C55: Teklif B akışı | D55: Teklif C akışı
A56: 0
A57: =A56+1
A58: =A57+1
A59: =A58+1
A60: =A59+1
A61: =A60+1
A62: =A61+1
A63: =A62+1
A64: =A63+1
A65: =A64+1
A66: =A65+1
A67: =A66+1
A68: =A67+1
... A80: =A79+1
A82: Teklif | B82: Aylık maliyet (IRR) | C82: Yıllık bileşik maliyet | D82: Ücretsiz yıllık karşılık | E82: Ücretin eklediği (yüzde puan) | F82: Sıra (1 = en düşük maliyet) | G82: Bütçe (IF) | H82: İki koşul (AND)
A83: A
A84: B
A85: C
A87: [H] En düşük yıllık maliyet
A88: [H] Maliyeti en düşük teklif
A89: [H] Toplam faizi en düşük teklif
A90: [H] Bütçeye sığan teklif sayısı
A91: Yorum (G2):
A94: G4 (Excel kısmı): tutar × vade ızgarası ve 7.500 TL sınırı
A95: Model B100'dedir. A102:F107 seçilir; Data > What-If Analysis > Data Table. Row input cell: B98 (vade), Column input cell: B97 (tutar). Python karşılığı defterde.
A96: [G] Aylık oran | B96: 0.04
A97: [G] Modelin tutar girdisi (TL) | B97: 100000
A98: [G] Modelin vade girdisi (ay) | B98: 12
A99: [G] Ödenebilecek en yüksek taksit (TL) | B99: 7500
A100: [H] Modelin taksiti
B102: 6 | C102: 12 | D102: 18 | E102: 24 | F102: 36
A103: 50000
A104: 75000
A105: 100000
A106: 125000
A107: 150000
A109: Sığar mı? | B109: =B102 | C109: =C102 | D109: =D102 | E109: =E102 | F109: =F102
A110: =A103
A111: =A104
A112: =A105
A113: =A106
A114: =A107
A116: [H] Bütçeye sığan hücre sayısı
A117: Yorum (G4):

Sheet Ileri
A1: İleri: çözümlü örnek ve görev (isteğe bağlı, evde tamamlanabilir)
A2: B sütunu çözümlü örnektir. C sütununda aynı hesap yeni girdilerle yapılır. D sütunu formülü ve açıklamasını gösterir.
A3: C sütunu elle yazılır: B'deki formül sağa sürüklenmez, kopyalanmaz. Sonuç B'deki kalıpla karşılaştırılır.
A4: İleri 1: taksitin kapalı formülü
B5: Çözümlü örnek | C5: Görev
A6: [G] Kredi tutarı | B6: 100000 | C6: 250000
A7: [G] Aylık faiz oranı | B7: 0.03 | C7: 0.025
A8: [G] Vade (ay) | B8: 12 | C8: 36
A9: [H] Taksit, elle formül | B9: =B6*B7/(1-(1+B7)^(-B8)) | D9: Formül: =B6*B7/(1-(1+B7)^(-B8)). Fonksiyon adı ve argüman ayracı içermediği için her Excel dilinde aynı yazılır. C9 elle, sürüklemeden yazılır.
A10: [H] Taksit, PMT | B10: =-PMT(B7,B8,B6) | D10: Formül: =-PMT(B7,B8,B6)
A11: [S] Fark | B11: =B9-B10 | D11: 0 çıkmalı. H7'de bu formül bir Python fonksiyonu olarak yazılır.
A13: İleri 2: tahsis ücretli kredinin aylık maliyeti (RATE)
B14: Çözümlü örnek | C14: Görev
A15: [G] Kredi tutarı (sözleşmede yazan) | B15: 100000 | C15: 150000
A16: [G] Akdi aylık faiz (ilan edilen oran) | B16: 0.03 | C16: 0.0279
A17: [G] Vade (ay) | B17: 12 | C17: 12
A18: [G] Tahsis ücreti (kredi verilirken peşin kesilen) | B18: 500 | C18: 750
A19: [H] Aylık taksit (sözleşme tutarı üzerinden) | B19: =-PMT(B16,B17,B15) | D19: Formül: =-PMT(B16,B17,B15). Taksit ücretten etkilenmez.
A20: [H] Ele geçen tutar | B20: =B15-B18
A21: [H] Aylık maliyet (ücret dahil) | B21: =RATE(B17,-B19,B20) | D21: Formül: =RATE(B17,-B19,B20): B20 kadar para alınıp B17 ay boyunca her ay B19 ödenirse aylık oran.
A22: [Y] Aylık maliyet - akdi aylık faiz (yüzde puan) | B22: =B21-B16 | D22: İki oranın farkı: hücre yüzde biçimli olduğu için yanında % görünür, ama okunuşu yüzde puandır (H2). Ücret akdi faizi değiştirmez, ama maliyeti artırır. Yıllık karşılığı, puana çevirme ve IRR ile sağlama: Finans sayfası, finans alıştırması.
A24: İleri 3: kaç ay sürer? (NPER)
B25: Çözümlü örnek: kredi | C25: Görev: birikim
A26: [G] Aylık faiz oranı | B26: 0.03 | C26: 0.025
A27: [G] Her ay ödenen ya da yatırılan tutar | B27: 7500 | C27: 2000
A28: [G] Bugün ele geçen tutar (pv) | B28: 100000 | C28: 0
A29: [G] Sonunda ele geçecek tutar (fv) | B29: 0 | C29: 50000
A30: [İ] İşaret | D30: Gelen para artı, çıkan para eksi: her ayki ödeme -B27; pv ve fv artı.
A31: [H] Dönem sayısı (ay) | B31: =NPER(B26,-B27,B28,B29) | D31: Formül: =NPER(B26,-B27,B28,B29). Sonuç tam sayı değilse tam taksitler yetmez; son ayda daha küçük bir ödeme gerekir.
A32: [Y] Yorum | D32: Aynı fonksiyon hem kredi hem birikim için çalışır; fark yalnız hangi girdinin 0 olduğundadır.
A33: [S] Sağlama: bulunan ay sayısıyla PV - pv | B33: =PV(B26,B31,-B27,B29)-B28 | D33: Formül: =PV(B26,B31,-B27,B29)-B28. Bulunan ay sayısını geri koyunca başlangıca dönülmeli, 0 çıkmalı.
A35: İleri 4: yıllık nominal ve etkin oran (EFFECT, NOMINAL)
B36: Çözümlü örnek | C36: Görev
A37: [G] Aylık faiz oranı | B37: 0.03 | C37: 0.0375
A38: [G] Yılda dönem sayısı | B38: 12 | C38: 12
A39: [H] Yıllık nominal oran | B39: =B37*B38 | D39: Aylık oran × yılda dönem sayısı (B38). Faizin faizi hesaba katılmaz.
A40: [H] Yıllık etkin oran | B40: =EFFECT(B39,B38) | D40: Formül: =EFFECT(B39,B38): faizin faizi dahil yıllık oran.
A41: [S] Sağlama: bileşik formül | B41: =(1+B37)^B38-1 | D41: H2'deki bileşik faiz: (1 + aylık oran) ^ yılda dönem sayısı (B38) - 1
A42: [S] Fark | B42: =B40-B41
A43: [H] Etkinden nominale geri | B43: =NOMINAL(B40,B38) | D43: Formül: =NOMINAL(B40,B38): baştaki nominal oran geri gelmeli.
A45: İleri 5 (yalnız okuma): tarihli akışlar (XNPV, XIRR)
A46: Akışlar eşit aralıklı değilse NPV yerine XNPV kullanılır. İlk tarih bugündür ve iskonto edilmez; gün sayısı / 365 ile iskonto edilir.
A47: Akış | B47: Tarih | C47: Nakit akışı
A48: Yatırım (bugün) | B48: 46300 | C48: -10000
A49: 1. giriş (6 ay sonra) | B49: 46482 | C49: 3000
A50: 2. giriş (1 yıl sonra) | B50: 46665 | C50: 4200
A51: 3. giriş (2 yıl sonra) | B51: 47031 | C51: 6800
A52: [G] İstenen getiri (yıllık) | B52: 0.1
A53: [H] XNPV | B53: =XNPV(B52,C48:C51,B48:B51) | D53: Formül: =XNPV(B52,C48:C51,B48:B51)
A54: [H] XIRR | B54: =XIRR(C48:C51,B48:B51) | D54: Formül: =XIRR(C48:C51,B48:B51)
A55: Aynı tutarlar Hesap sayfasında yıllık aralıkla gelir (NPV: Hesap!B78). Burada para daha erken geldiği için XNPV daha yüksektir.

Sheet Ev
A1: Ev çalışması (notsuz): 24 aylık taşıt kredisi
A2: Alıştırmadaki tablo bu kez 24 ay için kurulur. Varsayımlar öğretim amaçlıdır; gerçek bir banka teklifi değildir.
A3: Tüketici kredisinde faizin yanında %15 KKDF (faiz tutarı üzerinden) ve %15 BSMV (bankanın lehine aldığı paralar üzerinden; başlıcası faiz) ödenir; banka tahsis ücreti de alabilir (el kitabı f03, 4. bölüm). Bu dosya bunları içermez. Yasal kredi sınırları da dikkate alınmadı.
A4: [G] Varsayımlar
A5: Aracın fiyatı | B5: 900000
A6: Peşinat (cepten ödenen) | B6: 400000
A7: Aylık faiz oranı | B7: 0.0249
A8: Vade (ay) | B8: 24
A10: [H] Hesap
A11: Kredi tutarı
A12: Aylık taksit
A13: Toplam ödeme
A14: Toplam faiz
A15: Toplam maliyet (peşinat + ödemeler)
A17: Dönem | B17: Başlangıç borcu | C17: Faiz | D17: Anapara | E17: Taksit | F17: Kalan borç | G17: Sağlama: IPMT | H17: Fark
A18: 0 | F18: =B11
A19: =A18+1
A20: =A19+1
A21: =A20+1
A22: =A21+1
A23: =A22+1
A24: =A23+1
A25: =A24+1
A26: =A25+1
A27: =A26+1
A28: =A27+1
A29: =A28+1
A30: =A29+1
... A42: =A41+1
A43: Toplam
A45: [S] Son dönemde kalan borç (0 olmalı)
A46: [S] Tablodaki toplam faiz - B14
